"Date","Price","Open","High","Low","Vol.","Change %"
"07/28/2017","36.25","35.50","36.39","35.40","4.04M","2.11%"
"07/31/2017","36.80","36.37","36.87","36.26","2.88M","1.52%"
"08/01/2017","36.89","36.85","37.10","36.65","2.17M","0.24%"
"08/02/2017","36.50","36.98","36.99","36.10","4.98M","-1.06%"
"08/03/2017","36.00","36.39","36.40","35.90","2.88M","-1.37%"
"08/04/2017","36.20","36.10","36.35","36.00","579.85K","0.56%"
"08/07/2017","35.81","36.20","36.20","35.81","1.62M","-1.08%"
"08/08/2017","36.00","35.85","36.04","35.85","310.69K","0.53%"
"08/09/2017","36.00","35.98","36.00","35.90","752.85K","0.00%"
"08/10/2017","35.95","35.95","36.00","35.90","417.18K","-0.14%"
"08/11/2017","35.95","35.95","35.98","35.85","502.28K","0.00%"
"08/14/2017","36.00","35.95","36.02","35.90","626.48K","0.14%"
"08/16/2017","35.85","35.92","35.98","35.77","934.51K","-0.42%"
"08/17/2017","34.02","35.61","35.85","34.02","1.87M","-5.10%"
"08/18/2017","34.20","34.00","34.55","33.90","944.81K","0.53%"
"08/21/2017","34.00","34.30","34.32","33.53","790.26K","-0.58%"
"08/22/2017","35.38","33.30","35.70","33.30","1.22M","4.06%"
"08/23/2017","35.93","35.52","36.18","35.52","1.62M","1.55%"
"08/24/2017","35.69","35.93","36.11","35.50","959.93K","-0.67%"
"08/25/2017","36.00","35.70","36.00","35.61","936.36K","0.87%"
"08/28/2017","35.80","36.00","36.00","35.20","115.32K","-0.56%"
"08/29/2017","35.72","35.95","35.95","35.50","99.60K","-0.22%"
"08/30/2017","35.80","35.90","35.99","35.70","426.54K","0.22%"
"08/31/2017","36.00","35.70","36.00","35.70","563.30K","0.56%"
"09/01/2017","36.59","36.10","36.62","36.03","529.91K","1.64%"
"09/04/2017","36.30","36.57","36.57","36.13","150.20K","-0.79%"
"09/05/2017","36.20","36.30","36.43","36.01","353.97K","-0.28%"
"09/06/2017","36.40","36.17","36.45","36.17","215.95K","0.55%"
"09/07/2017","36.12","36.40","36.48","36.12","202.43K","-0.77%"
"09/08/2017","36.33","36.15","36.40","36.15","97.45K","0.58%"
"09/11/2017","37.50","36.33","37.50","36.33","1.14M","3.22%"
"09/12/2017","37.87","37.62","38.03","37.50","582.38K","0.99%"
"09/13/2017","37.90","37.85","38.10","37.52","501.22K","0.08%"
"09/14/2017","37.78","37.80","37.84","37.14","696.16K","-0.32%"
"09/15/2017","37.99","37.50","37.99","37.42","916.68K","0.56%"
"09/18/2017","37.40","37.95","37.95","37.40","88.00K","-1.55%"
"09/19/2017","37.25","37.42","37.64","36.89","374.93K","-0.40%"
"09/20/2017","37.05","37.25","37.40","36.96","241.93K","-0.54%"
"09/21/2017","36.83","37.04","37.16","36.67","116.56K","-0.59%"
"09/22/2017","36.95","36.70","37.36","36.70","269.29K","0.33%"
"09/25/2017","36.88","36.82","37.06","36.82","372.69K","-0.19%"
"09/26/2017","37.00","36.80","37.10","36.73","437.64K","0.33%"
"09/27/2017","36.85","36.88","37.03","36.85","407.39K","-0.41%"
"09/28/2017","37.05","36.80","37.14","36.51","285.67K","0.54%"
"09/29/2017","37.08","37.00","37.08","36.61","318.29K","0.08%"
"10/02/2017","36.98","37.00","37.04","36.82","95.03K","-0.27%"
"10/03/2017","37.04","36.90","37.20","36.85","230.54K","0.16%"
"10/04/2017","36.69","36.85","36.90","36.23","97.99K","-0.94%"
"10/05/2017","36.74","36.50","36.74","36.13","514.63K","0.14%"
"10/06/2017","36.55","36.73","37.13","36.35","414.99K","-0.52%"
"10/09/2017","37.04","36.75","37.04","36.50","354.98K","1.34%"
"10/10/2017","37.24","37.00","37.25","36.70","330.86K","0.54%"
"10/11/2017","36.72","37.03","37.25","36.72","252.75K","-1.40%"
"10/12/2017","36.96","36.72","37.05","36.72","349.10K","0.65%"
"10/13/2017","37.34","36.99","37.60","36.71","455.63K","1.03%"
"10/16/2017","37.25","37.34","37.58","36.60","372.28K","-0.24%"
"10/17/2017","37.03","37.19","37.39","37.02","385.44K","-0.59%"
"10/18/2017","36.99","37.03","37.25","36.91","92.81K","-0.11%"
"10/19/2017","36.94","36.99","37.01","36.51","196.03K","-0.14%"
"10/20/2017","36.50","37.00","37.00","36.23","167.65K","-1.19%"
"10/23/2017","36.67","36.50","36.84","36.25","287.30K","0.47%"
"10/24/2017","36.49","36.49","36.78","36.38","136.23K","-0.49%"
"10/25/2017","36.00","36.49","36.49","36.00","166.76K","-1.34%"
"10/26/2017","36.11","36.00","36.29","36.00","474.14K","0.31%"
"10/27/2017","35.82","36.30","36.43","35.82","377.85K","-0.80%"
"10/30/2017","36.00","35.82","36.28","35.75","230.63K","0.50%"
"10/31/2017","36.80","36.01","37.05","36.01","930.45K","2.22%"
"11/02/2017","36.69","36.93","37.15","36.10","376.19K","-0.30%"
"11/03/2017","36.84","36.69","36.99","36.13","386.49K","0.41%"
"11/06/2017","36.90","36.84","37.00","36.27","257.71K","0.16%"
"11/07/2017","37.10","36.66","37.12","36.66","756.95K","0.54%"
"11/08/2017","37.44","37.06","37.45","36.75","653.06K","0.92%"
"11/09/2017","37.15","37.35","37.50","36.81","712.47K","-0.77%"
"11/10/2017","36.50","37.09","37.27","36.30","243.51K","-1.75%"
"11/13/2017","36.30","36.21","36.97","35.61","527.03K","-0.55%"
"11/14/2017","36.79","37.70","37.90","36.06","1.95M","1.35%"
"11/15/2017","36.31","36.79","36.79","36.14","1.03M","-1.30%"
"11/16/2017","36.50","36.27","36.78","36.08","678.61K","0.52%"
"11/17/2017","36.90","36.88","37.15","36.25","729.18K","1.10%"
"11/20/2017","36.90","36.91","37.10","36.64","691.79K","0.00%"
"11/21/2017","37.10","36.92","37.15","36.51","662.66K","0.54%"
"11/22/2017","36.90","37.00","37.00","36.66","456.08K","-0.54%"
"11/23/2017","37.00","36.68","37.10","36.65","395.92K","0.27%"
"11/24/2017","36.68","37.10","37.20","36.67","470.36K","-0.86%"
"11/27/2017","36.83","36.89","37.13","36.68","1.31M","0.41%"
"11/28/2017","36.80","36.96","37.07","36.72","1.10M","-0.08%"
"11/29/2017","36.15","37.05","37.05","36.11","1.32M","-1.77%"
"11/30/2017","36.12","36.45","36.80","36.00","10.42M","-0.08%"
"12/01/2017","35.99","36.22","36.47","35.31","804.71K","-0.36%"
"12/04/2017","35.95","36.00","36.11","35.50","286.04K","-0.11%"
"12/05/2017","35.40","35.60","35.62","35.05","865.78K","-1.53%"
"12/06/2017","34.17","35.40","35.40","33.77","1.32M","-3.47%"
"12/07/2017","34.90","34.13","35.05","34.07","439.22K","2.14%"
"12/08/2017","34.00","34.46","34.94","33.81","673.56K","-2.58%"
"12/11/2017","33.81","34.01","34.47","33.81","513.74K","-0.56%"
"12/12/2017","33.80","34.02","34.28","33.46","210.88K","-0.03%"
"12/13/2017","33.97","33.60","34.20","33.60","359.41K","0.50%"
"12/14/2017","33.54","33.83","34.18","33.23","495.56K","-1.27%"
"12/15/2017","34.03","33.33","34.03","33.30","475.43K","1.46%"
"12/18/2017","33.89","34.08","34.30","33.82","185.49K","-0.41%"
"12/19/2017","33.79","33.85","34.12","33.40","412.42K","-0.30%"
"12/20/2017","33.51","33.75","33.79","33.48","424.33K","-0.83%"
"12/21/2017","33.60","33.48","33.86","33.47","596.60K","0.27%"
"12/22/2017","33.50","33.51","33.73","33.45","88.63K","-0.30%"
"12/27/2017","33.73","33.50","33.73","33.41","182.51K","0.69%"
"12/28/2017","33.78","33.79","34.15","33.60","454.84K","0.15%"
"12/29/2017","33.81","33.97","34.14","33.61","121.85K","0.09%"
"01/03/2018","34.50","34.60","34.60","33.84","191.35K","2.04%"
"01/04/2018","34.60","34.48","34.88","34.22","718.43K","0.29%"
"01/05/2018","34.78","34.60","34.94","34.60","125.26K","0.52%"
"01/08/2018","35.90","34.90","35.94","34.90","220.13K","3.22%"
"01/09/2018","35.50","35.84","35.88","35.16","537.24K","-1.11%"
"01/10/2018","34.80","35.20","35.28","34.32","403.88K","-1.97%"
"01/11/2018","34.60","34.80","34.80","34.42","202.96K","-0.57%"
"01/12/2018","34.30","34.78","34.78","34.10","207.73K","-0.87%"
"01/15/2018","34.00","34.50","34.66","33.86","313.13K","-0.87%"
"01/16/2018","34.32","34.22","34.38","34.14","334.93K","0.94%"
"01/17/2018","34.20","34.38","34.56","34.14","410.80K","-0.35%"
"01/18/2018","33.76","34.26","34.30","33.66","364.31K","-1.29%"
"01/19/2018","33.50","33.80","33.90","33.34","573.59K","-0.77%"
"01/22/2018","33.90","33.74","33.90","32.50","1.02M","1.19%"
"01/23/2018","33.90","34.00","34.24","33.24","661.35K","0.00%"
"01/24/2018","33.20","34.06","34.10","32.90","529.68K","-2.06%"
"01/25/2018","32.22","33.60","33.60","32.22","1.14M","-2.95%"
"01/26/2018","33.18","32.32","33.18","32.26","491.26K","2.98%"
"01/29/2018","33.36","33.30","33.48","33.02","532.20K","0.54%"
"01/30/2018","33.64","33.36","33.64","33.32","143.14K","0.84%"
"01/31/2018","34.00","33.50","34.18","33.50","558.79K","1.07%"
"02/01/2018","33.42","34.00","34.00","33.20","432.62K","-1.71%"
"02/02/2018","33.20","33.32","33.50","33.02","154.40K","-0.66%"
"02/05/2018","33.30","33.10","33.44","32.92","242.09K","0.30%"
"02/06/2018","32.54","32.50","33.00","31.86","439.38K","-2.28%"
"02/07/2018","32.50","32.58","33.26","32.32","392.94K","-0.12%"
"02/08/2018","31.90","32.50","32.62","31.90","389.93K","-1.85%"
"02/09/2018","31.24","31.88","32.04","31.20","512.95K","-2.07%"
"02/12/2018","31.72","31.70","32.12","31.52","239.81K","1.54%"
"02/13/2018","32.00","31.74","32.10","31.74","381.77K","0.88%"
"02/14/2018","31.80","32.00","32.10","31.64","711.60K","-0.63%"
"02/15/2018","31.58","32.00","32.00","31.58","632.22K","-0.69%"
"02/16/2018","32.60","31.88","32.98","31.72","1.47M","3.23%"
"02/19/2018","32.06","32.50","32.58","31.86","220.10K","-1.66%"
"02/20/2018","32.20","31.98","32.40","31.80","167.47K","0.44%"
"02/21/2018","32.70","32.36","32.70","32.04","314.75K","1.55%"
"02/22/2018","32.24","32.48","32.54","32.08","316.63K","-1.41%"
"02/23/2018","33.38","32.40","33.46","32.04","453.26K","3.54%"
"02/26/2018","33.90","33.38","34.24","33.18","425.47K","1.56%"
"02/27/2018","34.20","34.20","34.34","33.56","444.18K","0.88%"
"02/28/2018","33.80","33.88","34.26","33.10","781.48K","-1.17%"
"03/01/2018","34.30","33.80","34.60","33.52","428.62K","1.48%"
"03/02/2018","32.70","34.00","34.08","32.62","597.14K","-4.66%"
"03/05/2018","32.78","32.70","33.34","32.52","104.71K","0.24%"
"03/06/2018","33.02","33.00","33.70","33.00","84.58K","0.73%"
"03/07/2018","33.50","33.00","33.70","32.80","142.35K","1.45%"
"03/08/2018","34.32","33.60","34.48","33.58","367.03K","2.45%"
"03/09/2018","34.44","34.30","34.50","33.72","327.02K","0.35%"
"03/12/2018","34.40","34.52","34.60","34.04","245.72K","-0.12%"
"03/13/2018","34.40","34.40","34.52","34.30","329.00K","0.00%"
"03/14/2018","34.46","34.48","34.48","34.10","142.14K","0.17%"
"03/15/2018","33.94","34.32","34.48","33.94","125.95K","-1.51%"
"03/16/2018","33.72","33.90","34.28","33.70","352.83K","-0.65%"
"03/19/2018","33.20","33.80","34.00","33.20","87.69K","-1.54%"
"03/20/2018","33.20","33.08","33.56","33.08","262.67K","0.00%"
"03/21/2018","33.00","33.40","33.58","32.70","252.28K","-0.60%"
"03/22/2018","32.70","33.00","33.02","32.60","74.45K","-0.91%"
"03/23/2018","32.46","32.56","33.44","32.46","314.88K","-0.73%"
"03/26/2018","32.02","32.50","32.90","32.02","194.11K","-1.36%"
"03/27/2018","31.62","32.20","32.70","31.62","139.99K","-1.25%"
"03/28/2018","32.50","31.62","32.86","31.52","337.52K","2.78%"
"03/29/2018","33.12","32.64","33.40","32.50","294.06K","1.91%"
"04/03/2018","33.32","32.84","33.70","32.36","133.39K","0.60%"
"04/04/2018","33.28","33.32","33.82","32.90","146.61K","-0.12%"
"04/05/2018","32.70","33.02","33.48","32.50","236.06K","-1.74%"
"04/06/2018","32.02","32.70","32.98","31.66","557.42K","-2.08%"
"04/09/2018","32.00","31.92","32.38","31.76","129.99K","-0.06%"
"04/10/2018","32.50","32.00","32.74","32.00","150.90K","1.56%"
"04/11/2018","31.88","32.24","32.54","31.52","192.39K","-1.91%"
"04/12/2018","32.18","32.40","32.84","32.08","345.82K","0.94%"
"04/13/2018","32.20","32.22","32.30","32.12","862.06K","0.06%"
"04/16/2018","32.16","32.30","32.40","32.12","71.13K","-0.12%"
"04/17/2018","32.40","32.20","32.50","32.16","131.51K","0.75%"
"04/18/2018","32.38","32.50","32.54","32.22","238.07K","-0.06%"
"04/19/2018","32.30","32.30","32.48","32.22","173.17K","-0.25%"
"04/20/2018","32.18","32.64","32.70","32.18","129.25K","-0.37%"
"04/23/2018","32.00","32.12","32.38","32.00","97.47K","-0.56%"
"04/24/2018","32.00","32.20","32.48","32.00","169.28K","0.00%"
"04/25/2018","31.98","32.06","32.40","31.82","72.95K","-0.06%"
"04/26/2018","32.60","32.10","32.70","32.04","178.72K","1.94%"
"04/27/2018","32.60","32.50","32.60","32.10","601.46K","0.00%"
"04/30/2018","29.64","30.54","30.54","29.52","217.23K","-9.08%"
"05/02/2018","29.64","29.64","29.70","29.50","160.73K","0.00%"
"05/04/2018","29.18","29.20","29.78","28.68","254.77K","-1.55%"
"05/07/2018","29.06","29.40","29.42","28.82","140.76K","-0.41%"
"05/08/2018","29.14","28.80","29.40","28.50","170.50K","0.28%"
"05/09/2018","28.98","29.46","29.46","28.94","44.40K","-0.55%"
"05/10/2018","28.92","29.00","29.20","28.74","102.81K","-0.21%"
"05/11/2018","29.00","29.18","29.24","28.72","175.59K","0.28%"
"05/14/2018","28.50","29.10","29.30","28.22","211.01K","-1.72%"
"05/15/2018","27.88","28.50","28.50","26.06","1.75M","-2.18%"
"05/16/2018","26.98","27.88","27.88","26.30","254.32K","-3.23%"
"05/17/2018","26.76","26.44","27.36","26.44","236.76K","-0.82%"
"05/18/2018","25.66","26.80","26.80","25.66","169.30K","-4.11%"
"05/21/2018","25.26","25.72","25.90","25.26","137.29K","-1.56%"
"05/22/2018","25.40","25.26","25.50","25.24","150.97K","0.55%"
"05/23/2018","25.00","25.56","25.56","24.80","127.49K","-1.57%"
"05/24/2018","24.76","25.00","25.16","24.64","169.84K","-0.96%"
"05/25/2018","23.50","24.42","24.68","22.84","437.34K","-5.09%"
"05/28/2018","23.86","23.52","24.08","23.50","58.89K","1.53%"
"05/29/2018","24.10","24.00","24.16","23.92","197.42K","1.01%"
"05/30/2018","24.90","24.00","24.90","23.62","783.80K","3.32%"
"06/01/2018","24.38","24.90","24.96","23.90","250.98K","-2.09%"
"06/04/2018","24.86","25.00","25.00","24.42","297.94K","1.97%"
"06/05/2018","25.60","24.70","25.60","24.64","213.25K","2.98%"
"06/06/2018","25.98","25.70","26.34","25.40","359.26K","1.48%"
"06/07/2018","26.10","25.90","26.72","25.80","464.06K","0.46%"
"06/08/2018","25.90","26.12","26.20","25.70","363.78K","-0.77%"
"06/11/2018","26.20","25.88","26.48","25.60","310.18K","1.16%"
"06/12/2018","26.20","26.00","26.32","26.00","333.69K","0.00%"
"06/13/2018","26.28","26.20","26.38","25.74","116.85K","0.31%"
"06/14/2018","26.32","26.28","26.32","25.88","248.98K","0.15%"
"06/15/2018","25.80","26.32","26.38","25.76","304.44K","-1.98%"
"06/18/2018","25.68","25.66","25.82","25.50","77.27K","-0.47%"
"06/19/2018","25.62","25.58","25.70","25.14","204.56K","-0.23%"
"06/20/2018","26.16","25.76","26.52","25.58","182.97K","2.11%"
"06/21/2018","26.12","26.44","26.44","25.96","275.16K","-0.15%"
"06/22/2018","26.18","26.22","26.46","26.06","114.51K","0.23%"
"06/25/2018","26.12","26.20","26.28","25.86","109.29K","-0.23%"
"06/26/2018","26.02","26.24","26.26","26.00","154.58K","-0.38%"
"06/27/2018","26.00","26.22","26.30","25.84","265.17K","-0.08%"
"06/28/2018","25.74","25.80","26.00","25.70","402.55K","-1.00%"
"06/29/2018","25.60","25.82","26.14","25.60","672.69K","-0.54%"
"07/02/2018","24.88","25.60","25.68","24.60","603.04K","-2.81%"
"07/03/2018","24.60","24.90","25.50","24.44","265.92K","-1.13%"
"07/04/2018","24.58","24.60","24.92","24.20","211.22K","-0.08%"
"07/05/2018","24.30","24.60","24.70","24.20","287.94K","-1.14%"
"07/06/2018","22.82","24.56","24.56","22.80","448.47K","-6.09%"
"07/09/2018","22.30","23.56","23.56","21.82","420.09K","-2.28%"
"07/10/2018","21.98","22.00","22.22","21.50","378.67K","-1.43%"
"07/11/2018","21.54","22.10","22.10","21.54","215.70K","-2.00%"
"07/12/2018","21.38","21.70","21.70","20.84","654.38K","-0.74%"
"07/13/2018","21.26","21.38","21.48","21.06","152.05K","-0.56%"
"07/16/2018","21.34","21.36","21.54","21.14","168.03K","0.38%"
"07/17/2018","21.30","21.40","21.54","21.08","358.85K","-0.19%"
"07/18/2018","21.32","21.00","21.32","20.60","160.34K","0.09%"
"07/19/2018","21.10","21.00","21.32","20.80","382.88K","-1.03%"
"07/20/2018","21.44","21.12","21.44","20.82","120.59K","1.61%"
"07/23/2018","21.28","21.44","21.58","21.00","228.94K","-0.75%"
"07/24/2018","21.26","21.16","21.50","21.16","205.86K","-0.09%"
"07/25/2018","21.50","21.40","21.54","21.06","222.94K","1.13%"
"07/26/2018","21.30","21.50","21.50","21.30","147.30K","-0.93%"
"07/27/2018","21.50","21.48","21.52","21.32","342.75K","0.94%"
"07/30/2018","21.50","21.50","21.50","21.30","136.01K","0.00%"
"07/31/2018","21.40","21.34","21.50","21.30","291.78K","-0.47%"
"08/01/2018","21.46","21.40","21.82","21.34","294.90K","0.28%"
"08/02/2018","21.32","21.50","21.50","21.24","1.41M","-0.65%"
"08/03/2018","21.40","21.48","21.78","21.22","2.52M","0.38%"
"08/06/2018","21.40","21.60","21.60","21.30","451.64K","0.00%"
"08/07/2018","21.30","21.40","21.56","21.16","106.86K","-0.47%"
"08/08/2018","21.52","21.30","21.90","21.20","6.41M","1.03%"
"08/09/2018","21.80","21.80","21.88","21.50","533.79K","1.30%"
"08/10/2018","21.22","21.80","21.80","21.22","279.64K","-2.66%"
"08/13/2018","21.10","21.20","21.44","21.00","139.41K","-0.57%"
"08/14/2018","20.38","20.90","20.90","19.30","1.81M","-3.41%"
"08/16/2018","20.50","20.10","20.50","20.00","262.97K","0.59%"
"08/17/2018","20.10","20.50","20.50","20.02","243.50K","-1.95%"
"08/20/2018","20.90","20.50","20.98","20.22","2.84M","3.98%"
"08/21/2018","21.20","20.96","21.40","20.96","134.49K","1.44%"
"08/22/2018","21.70","21.40","22.10","21.00","947.88K","2.36%"
"08/23/2018","21.80","21.70","22.20","21.70","2.08M","0.46%"
"08/24/2018","22.00","21.98","22.12","21.74","656.43K","0.92%"
"08/27/2018","21.78","22.00","22.22","21.78","181.00K","-1.00%"
"08/28/2018","21.94","21.96","22.06","21.84","304.34K","0.73%"
"08/29/2018","21.90","22.10","22.10","21.78","674.73K","-0.18%"
"08/30/2018","21.66","22.04","22.06","21.50","338.96K","-1.10%"
"08/31/2018","21.70","21.72","21.78","21.12","630.93K","0.18%"
"09/03/2018","21.56","21.70","22.00","21.52","1.98M","-0.65%"
"09/04/2018","21.18","21.70","21.70","21.10","291.47K","-1.76%"
"09/05/2018","20.88","21.22","21.26","20.72","657.77K","-1.42%"
"09/06/2018","21.00","20.94","21.00","20.80","382.65K","0.57%"
"09/07/2018","20.76","21.00","21.00","20.52","366.58K","-1.14%"
"09/10/2018","21.40","20.62","21.80","20.06","295.49K","3.08%"
"09/11/2018","20.90","21.48","21.48","20.12","302.32K","-2.34%"
"09/12/2018","20.76","20.90","21.40","20.44","386.19K","-0.67%"
"09/13/2018","20.60","20.76","21.40","20.36","358.91K","-0.77%"
"09/14/2018","20.32","20.74","20.74","20.22","659.57K","-1.36%"
"09/17/2018","20.20","20.20","20.70","20.08","860.75K","-0.59%"
"09/18/2018","20.42","20.22","20.98","20.14","810.22K","1.09%"
"09/19/2018","20.20","20.30","20.50","20.08","400.85K","-1.08%"
"09/20/2018","20.20","20.32","20.50","20.04","1.43M","0.00%"
"09/21/2018","19.96","20.40","20.50","19.96","3.69M","-1.19%"
"09/24/2018","19.70","19.86","20.16","19.70","547.02K","-1.30%"
"09/25/2018","19.85","19.62","20.20","19.62","216.14K","0.76%"
"09/26/2018","20.36","19.92","20.48","19.80","478.51K","2.57%"
"09/27/2018","20.24","20.36","20.80","20.02","578.37K","-0.59%"
"09/28/2018","20.12","20.20","20.66","20.02","1.72M","-0.59%"
"10/01/2018","19.70","20.36","20.40","19.55","399.20K","-2.09%"
"10/02/2018","20.20","19.53","20.28","19.42","354.89K","2.54%"
"10/03/2018","19.76","20.10","20.20","19.64","293.60K","-2.18%"
"10/04/2018","19.04","19.70","19.70","18.71","497.27K","-3.64%"
"10/05/2018","18.66","19.22","19.22","18.54","392.31K","-2.00%"
"10/08/2018","18.30","18.40","18.68","18.25","158.62K","-1.93%"
"10/09/2018","18.18","18.21","18.60","18.07","311.30K","-0.66%"
"10/10/2018","17.82","18.15","18.30","17.82","313.40K","-1.98%"
"10/11/2018","17.16","17.50","17.50","16.90","518.66K","-3.70%"
"10/12/2018","16.82","17.26","17.45","16.82","150.64K","-1.98%"
"10/15/2018","16.22","16.75","16.82","16.22","289.39K","-3.57%"
"10/16/2018","17.14","16.19","17.33","16.12","1.55M","5.67%"
"10/17/2018","17.92","17.48","18.10","17.40","821.48K","4.55%"
"10/18/2018","17.51","17.92","18.22","17.51","364.62K","-2.29%"
"10/19/2018","17.56","17.60","17.93","17.42","733.70K","0.29%"
"10/22/2018","17.86","17.60","18.09","17.56","1.03M","1.71%"
"10/23/2018","17.50","17.50","18.13","17.42","590.18K","-2.02%"
"10/24/2018","17.36","17.50","17.81","17.30","414.42K","-0.80%"
"10/25/2018","16.40","17.11","17.38","16.18","1.30M","-5.53%"
"10/26/2018","15.95","16.30","16.45","15.92","729.99K","-2.74%"
"10/29/2018","16.23","16.05","16.40","15.56","865.28K","1.76%"
"10/30/2018","15.68","16.23","16.41","15.63","1.02M","-3.39%"
"10/31/2018","16.50","15.75","16.50","15.30","1.84M","5.23%"
"11/02/2018","16.28","16.60","17.19","16.15","3.45M","-1.33%"
"11/05/2018","16.16","16.17","16.48","15.95","542.75K","-0.74%"
"11/06/2018","16.00","16.30","16.37","15.52","889.67K","-0.99%"
"11/07/2018","16.30","15.88","16.60","15.88","1.41M","1.87%"
"11/08/2018","16.25","16.44","16.62","15.85","459.41K","-0.31%"
"11/09/2018","16.21","16.20","16.29","16.04","339.31K","-0.25%"
"11/13/2018","15.70","16.26","16.62","15.70","760.19K","-3.15%"
"11/14/2018","15.15","15.48","15.48","14.44","2.81M","-3.50%"
"11/15/2018","15.01","15.07","15.44","15.00","1.23M","-0.92%"
"11/16/2018","15.62","15.01","15.71","15.01","1.34M","4.06%"
"11/19/2018","16.73","15.62","16.87","15.56","946.75K","7.11%"
"11/20/2018","16.86","16.54","16.86","16.12","774.35K","0.78%"
"11/21/2018","16.71","16.95","17.54","16.57","634.42K","-0.89%"
"11/22/2018","17.05","16.70","17.22","16.70","538.40K","2.03%"
"11/23/2018","16.54","17.20","17.39","16.17","806.36K","-2.99%"
"11/26/2018","15.60","16.59","16.68","15.34","1.32M","-5.68%"
"11/27/2018","15.40","15.64","15.70","15.22","1.59M","-1.28%"
"11/28/2018","15.75","15.40","15.83","15.30","1.81M","2.27%"
"11/29/2018","16.00","15.85","16.45","15.55","2.56M","1.59%"
"11/30/2018","16.15","16.00","17.35","16.00","13.97M","0.94%"
"12/03/2018","18.25","16.51","18.25","16.51","1.34M","13.00%"
"12/04/2018","19.00","18.37","19.01","17.77","1.23M","4.11%"
"12/05/2018","18.55","18.50","18.84","18.34","1.24M","-2.37%"
"12/06/2018","17.81","18.48","18.59","17.71","519.66K","-3.99%"
"12/07/2018","19.06","18.14","19.67","18.09","2.56M","7.02%"
"12/10/2018","19.08","18.98","19.23","18.40","977.88K","0.10%"
"12/11/2018","19.50","19.15","19.58","19.04","1.78M","2.20%"
"12/12/2018","21.00","19.45","21.02","19.38","2.11M","7.69%"
"12/13/2018","20.80","21.06","21.60","20.58","1.51M","-0.95%"
"12/14/2018","21.30","20.80","21.36","20.16","837.02K","2.40%"
"12/17/2018","21.04","21.18","21.30","20.82","633.76K","-1.22%"
"12/18/2018","20.90","20.80","21.18","20.42","637.06K","-0.67%"
"12/19/2018","20.94","20.70","21.32","20.58","385.09K","0.19%"
"12/20/2018","20.98","20.78","21.22","20.12","549.94K","0.19%"
"12/21/2018","21.00","20.70","21.24","20.50","684.09K","0.10%"
"12/27/2018","20.92","21.00","21.00","20.68","143.88K","-0.38%"
"12/28/2018","20.80","20.90","20.98","20.50","247.23K","-0.57%"
"01/02/2019","21.58","20.40","21.60","20.40","361.64K","3.75%"
"01/03/2019","20.82","21.50","22.04","20.34","594.86K","-3.52%"
"01/04/2019","20.96","20.82","21.06","20.66","269.25K","0.67%"
"01/07/2019","21.18","20.90","21.30","20.84","428.64K","1.05%"
"01/08/2019","19.66","21.30","21.40","19.54","782.33K","-7.18%"
"01/09/2019","20.66","19.85","20.98","19.69","575.56K","5.09%"
"01/10/2019","20.02","20.70","20.74","20.02","290.06K","-3.10%"
"01/11/2019","20.44","20.30","20.64","20.24","214.67K","2.10%"
"01/14/2019","20.36","20.40","20.46","20.04","155.97K","-0.39%"
"01/15/2019","21.40","20.42","21.40","20.18","358.75K","5.11%"
"01/16/2019","21.44","21.24","21.66","20.74","381.81K","0.19%"
"01/17/2019","21.00","21.46","21.66","20.80","244.76K","-2.05%"
"01/18/2019","21.00","21.00","21.00","20.78","159.54K","0.00%"
"01/21/2019","21.00","21.00","21.06","20.42","149.68K","0.00%"
"01/22/2019","20.88","21.12","21.30","20.70","230.89K","-0.57%"
"01/23/2019","21.56","20.62","21.68","20.62","154.18K","3.26%"
"01/24/2019","21.30","21.60","21.70","20.96","130.43K","-1.21%"
"01/25/2019","21.10","21.30","21.46","20.82","371.25K","-0.94%"
"01/28/2019","21.50","21.18","21.50","21.06","183.56K","1.90%"
"01/29/2019","21.52","21.50","21.72","21.24","330.11K","0.09%"
"01/30/2019","21.62","21.52","22.30","21.32","389.39K","0.46%"
"01/31/2019","22.80","21.82","22.80","21.64","568.07K","5.46%"
"02/01/2019","22.46","22.98","23.00","22.46","662.39K","-1.49%"
"02/04/2019","22.00","22.50","22.50","21.66","318.94K","-2.05%"
"02/05/2019","21.80","22.20","22.20","21.54","232.83K","-0.91%"
"02/06/2019","21.74","21.68","22.00","21.68","334.66K","-0.28%"
"02/07/2019","20.80","21.98","21.98","20.80","262.83K","-4.32%"
"02/08/2019","21.46","20.80","21.46","20.80","195.31K","3.17%"
"02/11/2019","21.30","21.46","21.52","21.10","148.28K","-0.75%"
"02/12/2019","21.32","21.40","21.40","21.06","146.25K","0.09%"
"02/13/2019","21.02","21.16","21.62","20.82","534.24K","-1.41%"
"02/14/2019","20.74","20.84","20.96","20.44","360.69K","-1.33%"
"02/15/2019","21.08","20.90","21.32","20.82","315.47K","1.64%"
"02/18/2019","20.90","21.08","21.08","20.74","73.40K","-0.85%"
"02/19/2019","20.84","20.80","21.06","20.66","124.48K","-0.29%"
"02/20/2019","20.74","20.76","20.92","20.70","449.06K","-0.48%"
"02/21/2019","21.80","20.98","21.80","20.86","366.98K","5.11%"
"02/22/2019","21.72","21.84","21.84","21.28","171.40K","-0.37%"
"02/25/2019","21.02","21.80","21.80","21.02","165.99K","-3.22%"
"02/26/2019","20.88","21.02","21.14","20.82","175.96K","-0.67%"
"02/27/2019","21.04","21.16","21.20","20.66","169.36K","0.77%"
"02/28/2019","21.40","21.18","21.50","20.88","201.33K","1.71%"
"03/01/2019","21.10","21.50","21.66","20.92","543.02K","-1.40%"
"03/04/2019","20.94","21.30","21.32","20.86","107.50K","-0.76%"
"03/05/2019","21.04","21.36","21.76","20.88","1.63M","0.48%"
"03/06/2019","21.44","21.04","21.60","20.98","1.38M","1.90%"
"03/07/2019","21.70","21.30","21.86","21.14","1.36M","1.21%"
"03/08/2019","21.80","21.66","22.14","21.54","491.11K","0.46%"
"03/11/2019","22.12","22.00","22.48","22.00","440.22K","1.47%"
"03/12/2019","22.60","22.44","22.88","21.96","1.30M","2.17%"
"03/13/2019","23.44","22.70","23.76","22.62","1.90M","3.72%"
"03/14/2019","24.34","23.66","24.88","23.60","2.64M","3.84%"
"03/15/2019","23.24","24.10","24.20","22.80","2.19M","-4.52%"
"03/18/2019","22.76","23.02","23.70","22.40","1.45M","-2.07%"
"03/19/2019","22.60","22.76","23.12","22.56","936.49K","-0.70%"
"03/20/2019","22.46","22.70","22.70","22.42","309.18K","-0.62%"
"03/21/2019","22.62","22.50","22.84","22.20","541.75K","0.71%"
"03/22/2019","22.58","22.66","22.90","22.46","300.41K","-0.18%"
"03/25/2019","23.06","22.36","23.08","22.18","320.70K","2.13%"
"03/26/2019","23.10","23.06","23.10","22.84","572.44K","0.17%"
"03/27/2019","23.28","23.00","23.40","22.88","434.04K","0.78%"
"03/28/2019","23.22","23.34","23.94","23.02","408.89K","-0.26%"
"03/29/2019","23.60","23.10","23.60","23.10","1.40M","1.64%"
"04/01/2019","24.00","23.92","24.16","23.72","690.32K","1.69%"
"04/02/2019","23.80","23.82","24.40","23.80","789.56K","-0.83%"
"04/03/2019","24.00","23.86","24.10","23.84","804.33K","0.84%"
"04/04/2019","23.84","23.82","24.08","23.50","336.49K","-0.67%"
"04/05/2019","24.20","23.86","24.20","23.76","555.53K","1.51%"
"04/08/2019","23.46","24.36","24.46","23.46","280.42K","-3.06%"
"04/09/2019","23.80","23.66","24.02","23.42","235.57K","1.45%"
"04/10/2019","23.90","23.96","24.00","23.70","244.79K","0.42%"
"04/11/2019","24.08","24.00","24.16","23.60","274.17K","0.75%"
"04/12/2019","24.90","24.20","25.18","24.08","616.61K","3.41%"
"04/15/2019","25.48","25.08","25.56","24.96","487.34K","2.33%"
"04/16/2019","24.80","25.64","25.64","24.50","611.09K","-2.67%"
"04/17/2019","24.30","24.78","25.14","24.24","417.91K","-2.02%"
"04/18/2019","24.82","24.30","25.02","24.30","514.36K","2.14%"
"04/23/2019","25.20","24.82","25.20","24.82","383.84K","1.53%"
"04/24/2019","25.06","25.20","25.20","24.66","487.24K","-0.56%"
"04/25/2019","25.12","25.16","25.28","24.90","564.89K","0.24%"
"04/26/2019","25.16","25.18","25.28","24.72","276.27K","0.16%"
"04/29/2019","24.84","25.26","25.26","24.80","398.99K","-1.27%"
"04/30/2019","23.56","23.56","23.82","23.22","656.40K","-5.15%"
"05/02/2019","24.20","23.78","24.68","23.66","355.85K","2.72%"
"05/06/2019","24.04","23.86","24.38","23.48","387.12K","-0.66%"
"05/07/2019","24.00","24.10","24.10","23.54","487.61K","-0.17%"
"05/08/2019","24.42","23.98","24.98","23.78","456.47K","1.75%"
"05/09/2019","24.12","24.42","24.58","23.82","392.07K","-1.23%"
"05/10/2019","24.28","24.18","24.50","24.12","232.78K","0.66%"
"05/13/2019","24.00","24.28","24.80","23.62","285.99K","-1.15%"
"05/14/2019","24.88","24.30","24.98","23.92","454.50K","3.67%"
"05/15/2019","25.48","24.90","25.68","24.60","715.05K","2.41%"
"05/16/2019","25.76","25.48","26.12","25.48","459.65K","1.10%"
"05/17/2019","25.86","25.80","26.00","25.28","495.21K","0.39%"
"05/20/2019","26.68","25.86","26.68","25.34","219.66K","3.17%"
"05/21/2019","26.68","26.72","26.76","25.80","522.55K","0.00%"
"05/22/2019","25.96","26.70","26.70","25.86","649.30K","-2.70%"
"05/23/2019","25.16","25.88","26.18","25.06","768.19K","-3.08%"
"05/24/2019","25.20","25.00","25.50","25.00","633.87K","0.16%"
"05/27/2019","25.12","25.30","25.74","25.04","491.36K","-0.32%"
"05/28/2019","25.04","25.12","25.36","25.00","1.89M","-0.32%"
"05/29/2019","25.32","24.90","25.32","24.90","1.20M","1.12%"
"05/30/2019","25.08","25.12","25.42","25.00","1.18M","-0.95%"
"05/31/2019","26.22","25.00","26.22","24.98","1.45M","4.55%"
"06/03/2019","26.06","26.08","26.16","25.52","376.52K","-0.61%"
"06/04/2019","27.08","26.00","27.78","25.84","567.82K","3.91%"
"06/05/2019","28.00","27.44","28.48","27.44","761.33K","3.40%"
"06/06/2019","31.00","28.60","31.36","28.60","2.39M","10.71%"
"06/07/2019","31.76","30.72","31.80","30.72","562.24K","2.45%"
"06/10/2019","31.70","31.76","31.96","31.04","437.31K","-0.19%"
"06/11/2019","32.52","31.70","32.60","31.32","775.88K","2.59%"
"06/12/2019","33.90","32.10","33.94","32.02","421.60K","4.24%"
"06/13/2019","34.50","33.80","35.66","33.66","976.12K","1.77%"
"06/14/2019","34.00","34.50","35.46","33.98","780.62K","-1.45%"
"06/17/2019","33.80","34.00","34.20","33.50","751.54K","-0.59%"
"06/18/2019","36.36","33.80","36.44","33.26","866.04K","7.57%"
"06/19/2019","35.30","36.04","36.38","35.18","607.84K","-2.92%"
"06/21/2019","34.28","35.58","35.80","34.04","769.93K","-2.89%"
"06/24/2019","33.00","33.56","33.90","32.62","501.07K","-3.73%"
"06/25/2019","32.64","32.90","33.76","32.46","636.67K","-1.09%"
"06/26/2019","32.26","32.64","32.98","31.32","649.70K","-1.16%"
"06/27/2019","32.40","32.00","32.84","32.00","717.56K","0.43%"
"06/28/2019","32.34","32.50","32.78","32.24","367.10K","-0.19%"
"07/01/2019","33.60","32.60","34.06","32.40","698.20K","3.90%"
"07/02/2019","33.34","33.70","33.88","32.84","698.89K","-0.77%"
"07/03/2019","33.18","33.40","33.46","32.52","285.30K","-0.48%"
"07/04/2019","32.58","33.04","33.20","32.50","128.65K","-1.81%"
"07/05/2019","32.44","32.80","33.38","32.32","365.83K","-0.43%"
"07/08/2019","32.80","32.60","33.06","32.24","392.37K","1.11%"
"07/09/2019","32.30","32.92","33.00","31.66","493.76K","-1.52%"
"07/10/2019","33.14","32.50","34.32","32.38","809.89K","2.60%"
"07/11/2019","33.00","33.42","33.42","32.70","359.14K","-0.42%"
"07/12/2019","33.76","33.00","34.02","32.88","311.69K","2.30%"
"07/15/2019","33.80","33.90","34.28","33.50","721.94K","0.12%"
"07/16/2019","34.88","33.98","35.46","33.82","848.96K","3.20%"
"07/17/2019","33.10","35.00","35.12","32.80","433.83K","-5.10%"
"07/18/2019","32.92","33.10","33.26","32.82","417.27K","-0.54%"
"07/19/2019","33.50","32.98","33.82","32.10","531.09K","1.76%"
"07/22/2019","33.20","33.74","33.74","32.82","309.82K","-0.90%"
"07/23/2019","32.68","33.50","33.60","32.40","336.54K","-1.57%"
"07/24/2019","33.44","32.86","33.60","32.40","374.23K","2.33%"
"07/25/2019","32.46","33.62","33.68","32.32","424.67K","-2.93%"
"07/26/2019","32.56","32.50","32.76","32.40","255.43K","0.31%"
"07/29/2019","31.52","32.58","32.80","30.94","323.09K","-3.19%"
"07/30/2019","31.04","31.50","31.76","30.60","621.87K","-1.52%"
"07/31/2019","31.64","31.30","32.24","30.68","858.29K","1.93%"
"08/01/2019","31.22","31.40","31.88","31.22","621.17K","-1.33%"
"08/02/2019","31.74","31.00","32.10","31.00","472.63K","1.67%"
"08/05/2019","31.92","31.44","32.14","31.44","676.21K","0.57%"
"08/06/2019","31.02","32.20","32.20","30.60","255.03K","-2.82%"
"08/07/2019","31.68","30.76","32.24","30.76","408.29K","2.13%"
"08/08/2019","31.60","32.20","32.20","30.92","614.16K","-0.25%"
"08/09/2019","30.86","31.44","31.70","30.50","178.81K","-2.34%"
"08/12/2019","29.96","30.62","31.20","29.62","303.20K","-2.92%"
"08/13/2019","30.80","29.60","31.10","29.36","831.13K","2.80%"
"08/14/2019","31.24","31.00","31.38","30.22","602.18K","1.43%"
"08/16/2019","31.92","31.50","32.50","30.92","1.10M","2.18%"
"08/19/2019","32.00","31.94","32.46","31.66","539.03K","0.25%"
"08/20/2019","32.72","31.92","32.76","31.70","454.89K","2.25%"
"08/21/2019","31.50","32.74","33.32","31.20","387.28K","-3.73%"
"08/22/2019","31.06","31.30","31.98","30.86","148.65K","-1.40%"
"08/23/2019","29.94","31.20","31.24","29.84","515.34K","-3.61%"
"08/26/2019","30.76","29.94","30.88","29.86","242.88K","2.74%"
"08/27/2019","32.80","31.80","33.46","31.80","889.49K","6.63%"
"08/28/2019","33.34","32.88","33.88","32.40","653.03K","1.65%"
"08/29/2019","34.02","33.00","34.02","32.82","451.79K","2.04%"
"08/30/2019","34.36","34.10","34.36","33.04","339.18K","1.00%"
"09/02/2019","33.70","34.36","35.58","33.54","381.85K","-1.92%"
"09/03/2019","33.70","33.68","33.94","31.70","440.53K","0.00%"
"09/04/2019","33.34","33.66","33.92","32.72","190.39K","-1.07%"
"09/05/2019","28.84","30.80","30.80","27.72","6.04M","-13.50%"
"09/06/2019","28.92","28.90","29.24","28.12","1.12M","0.28%"
"09/09/2019","28.22","28.92","29.00","28.14","738.80K","-2.42%"
"09/10/2019","27.20","28.22","28.22","27.12","1.41M","-3.61%"
"09/11/2019","27.16","27.26","27.60","26.58","1.05M","-0.15%"
"09/12/2019","27.18","27.60","28.34","27.00","1.18M","0.07%"
"09/13/2019","27.42","27.20","27.42","26.82","373.67K","0.88%"
"09/16/2019","26.98","27.42","27.42","26.70","816.54K","-1.60%"
"09/17/2019","26.56","27.00","27.26","26.26","1.60M","-1.56%"
"09/18/2019","27.30","26.76","27.66","26.58","1.45M","2.79%"
"09/19/2019","27.00","27.42","27.64","26.86","963.97K","-1.10%"
"09/20/2019","27.42","27.18","27.94","27.04","1.66M","1.56%"
"09/23/2019","27.26","27.62","27.78","26.90","511.50K","-0.58%"
"09/24/2019","27.14","27.30","27.62","27.04","730.58K","-0.44%"
"09/25/2019","26.98","27.14","27.54","26.66","764.71K","-0.59%"
"09/26/2019","27.04","27.10","27.30","26.84","311.51K","0.22%"
"09/27/2019","27.40","27.30","27.72","27.06","181.50K","1.33%"
"09/30/2019","27.50","27.72","27.72","27.44","366.74K","0.36%"
"10/01/2019","27.66","27.72","28.18","27.38","524.00K","0.58%"
"10/02/2019","26.28","27.80","27.84","26.16","1.11M","-4.99%"
"10/03/2019","26.98","26.36","27.06","25.80","454.09K","2.66%"
"10/04/2019","27.82","27.22","27.90","27.22","1.05M","3.11%"
"10/07/2019","28.10","28.00","28.22","27.76","608.57K","1.01%"
"10/08/2019","28.60","28.12","28.80","28.00","578.36K","1.78%"
"10/09/2019","29.40","28.80","29.48","28.60","877.10K","2.80%"
"10/10/2019","29.00","29.40","29.48","28.90","462.18K","-1.36%"
"10/11/2019","28.80","29.20","29.20","28.64","458.94K","-0.69%"
"10/14/2019","29.24","28.66","29.30","28.30","399.10K","1.53%"
"10/15/2019","28.40","29.00","29.14","28.38","437.63K","-2.87%"
"10/16/2019","29.02","29.30","29.30","28.48","338.75K","2.18%"
"10/17/2019","29.76","29.14","29.80","28.80","541.26K","2.55%"
"10/18/2019","29.20","29.76","29.90","29.02","440.56K","-1.88%"
"10/21/2019","29.72","29.00","29.80","29.00","342.08K","1.78%"
"10/22/2019","29.66","29.90","30.02","29.28","304.79K","-0.20%"
"10/23/2019","29.00","29.62","30.00","28.60","827.97K","-2.23%"
"10/24/2019","29.76","29.02","29.98","28.92","363.52K","2.62%"
"10/25/2019","29.76","29.76","29.92","29.56","513.53K","0.00%"
"10/28/2019","29.86","29.70","30.00","29.66","196.98K","0.34%"
"10/29/2019","29.72","29.98","30.10","29.34","475.29K","-0.47%"
"10/30/2019","29.68","29.72","29.74","29.34","508.89K","-0.13%"
"10/31/2019","30.26","29.76","30.50","29.76","473.08K","1.95%"
"11/04/2019","30.46","30.80","30.80","29.66","586.30K","0.66%"
"11/05/2019","30.00","30.46","30.50","29.76","491.39K","-1.51%"
"11/06/2019","30.04","30.00","30.50","30.00","284.81K","0.13%"
"11/07/2019","29.80","30.20","30.22","29.70","470.64K","-0.80%"
"11/08/2019","30.30","29.80","30.46","29.70","383.14K","1.68%"
"11/12/2019","30.20","30.26","30.36","29.82","587.19K","-0.33%"
"11/13/2019","31.30","30.50","31.44","30.20","1.40M","3.64%"
"11/14/2019","31.16","31.30","32.00","30.96","881.71K","-0.45%"
"11/15/2019","31.30","31.20","31.38","30.86","589.82K","0.45%"
"11/18/2019","31.74","31.22","31.90","31.22","490.12K","1.41%"
"11/19/2019","31.86","31.90","31.98","31.76","1.03M","0.38%"
"11/20/2019","31.90","31.86","32.20","31.56","740.09K","0.13%"
"11/21/2019","31.94","31.98","32.02","31.82","550.83K","0.13%"
"11/22/2019","32.00","31.90","32.28","31.82","496.85K","0.19%"
"11/25/2019","32.50","32.00","32.78","32.00","593.17K","1.56%"
"11/26/2019","32.64","32.74","32.98","32.18","821.10K","0.43%"
"11/27/2019","32.52","32.62","32.68","32.24","846.98K","-0.37%"
"11/28/2019","32.88","32.60","32.90","32.40","264.27K","1.11%"
"11/29/2019","32.70","32.64","32.88","32.48","207.30K","-0.55%"
"12/02/2019","33.00","32.90","33.00","32.20","415.36K","0.92%"
"12/03/2019","31.74","32.98","32.98","31.60","692.40K","-3.82%"
"12/04/2019","31.42","31.74","32.20","30.88","504.45K","-1.01%"
"12/05/2019","32.26","31.46","32.68","31.08","310.12K","2.67%"
"12/06/2019","32.84","32.26","33.10","32.24","231.04K","1.80%"
"12/09/2019","32.60","32.80","33.28","32.08","479.67K","-0.73%"
"12/10/2019","33.02","32.90","33.40","32.22","566.98K","1.29%"
"12/11/2019","33.14","33.20","33.26","32.86","358.33K","0.36%"
"12/12/2019","33.28","33.30","33.50","32.98","841.88K","0.42%"
"12/13/2019","33.90","33.22","34.46","33.10","408.72K","1.86%"
"12/16/2019","34.38","33.90","34.58","33.72","550.92K","1.42%"
"12/17/2019","33.92","34.16","34.66","33.54","484.92K","-1.34%"
"12/18/2019","33.94","34.00","34.18","33.48","387.97K","0.06%"
"12/19/2019","33.54","34.08","34.08","33.26","459.67K","-1.18%"
"12/20/2019","34.12","33.48","34.46","33.48","950.28K","1.73%"
"12/23/2019","33.68","34.00","34.10","33.62","87.63K","-1.29%"
"12/27/2019","34.48","33.68","34.48","33.68","160.84K","2.38%"
"12/30/2019","35.00","34.40","35.58","34.20","149.49K","1.51%"
"01/02/2020","35.10","35.00","35.68","34.38","423.05K","0.29%"
"01/03/2020","33.92","34.80","34.90","33.92","217.80K","-3.36%"
"01/07/2020","33.72","33.96","34.30","33.28","250.73K","-0.59%"
"01/08/2020","33.78","33.70","33.98","33.30","147.97K","0.18%"
"01/09/2020","34.60","34.30","34.78","34.10","435.89K","2.43%"
"01/10/2020","34.76","34.60","34.78","34.24","652.38K","0.46%"
"01/13/2020","35.32","34.72","35.36","34.52","219.41K","1.61%"
"01/14/2020","34.78","35.24","35.34","34.58","493.63K","-1.53%"
"01/15/2020","35.36","34.92","35.50","34.52","437.31K","1.67%"
"01/16/2020","36.50","35.20","36.50","35.16","485.82K","3.22%"
"01/17/2020","36.10","36.50","36.66","35.76","293.43K","-1.10%"
"01/20/2020","37.18","36.40","37.18","36.16","474.61K","2.99%"
"01/21/2020","37.58","37.10","37.58","36.80","576.41K","1.08%"
"01/22/2020","38.00","37.58","38.38","37.50","1.03M","1.12%"
"01/23/2020","36.86","38.00","38.00","36.72","415.32K","-3.00%"
"01/24/2020","36.40","36.86","37.24","36.10","430.09K","-1.25%"
"01/27/2020","35.70","36.30","36.44","35.44","288.59K","-1.92%"
"01/28/2020","36.76","35.94","37.20","35.82","385.51K","2.97%"
"01/29/2020","36.78","36.70","37.28","36.14","365.41K","0.05%"
"01/30/2020","36.78","36.76","37.26","35.80","237.31K","0.00%"
"01/31/2020","35.62","36.50","36.88","35.46","825.87K","-3.15%"
"02/03/2020","34.98","34.84","35.50","33.94","543.85K","-1.80%"
"02/04/2020","34.80","35.00","35.68","34.22","511.30K","-0.51%"
"02/05/2020","34.24","34.98","35.00","34.14","808.54K","-1.61%"
"02/06/2020","34.34","34.80","34.80","34.06","411.70K","0.29%"
"02/07/2020","34.26","34.38","34.52","33.94","372.80K","-0.23%"
"02/10/2020","34.38","34.30","34.76","34.30","487.24K","0.35%"
"02/11/2020","34.48","34.90","34.90","34.22","673.26K","0.29%"
"02/12/2020","33.26","34.50","34.68","33.16","644.03K","-3.54%"
"02/13/2020","34.70","33.10","35.02","33.10","597.11K","4.33%"
"02/14/2020","34.58","34.80","34.92","34.42","786.84K","-0.35%"
"02/17/2020","35.20","34.80","35.30","34.48","303.84K","1.79%"
"02/18/2020","35.50","34.80","35.98","34.80","558.00K","0.85%"
"02/19/2020","35.72","35.30","36.04","35.26","756.01K","0.62%"
"02/20/2020","35.56","35.90","36.16","35.46","225.55K","-0.45%"
"02/21/2020","34.86","35.50","35.50","34.52","642.37K","-1.97%"
"02/24/2020","34.68","34.50","35.10","33.62","526.95K","-0.52%"
"02/25/2020","34.88","34.78","35.08","33.72","515.62K","0.58%"
"02/26/2020","34.12","34.98","34.98","33.16","824.65K","-2.18%"
"02/27/2020","32.50","33.44","34.00","32.04","796.87K","-4.75%"
"02/28/2020","30.58","31.86","31.90","30.24","1.15M","-5.91%"
"03/02/2020","30.94","30.96","31.58","30.24","854.08K","1.18%"
"03/03/2020","30.76","31.52","31.56","30.58","890.36K","-0.58%"
"03/04/2020","31.38","30.98","32.32","30.28","720.45K","2.02%"
"03/05/2020","31.70","32.26","32.26","30.64","397.76K","1.02%"
"03/06/2020","31.96","31.00","32.98","30.64","832.69K","0.82%"
"03/09/2020","30.36","29.50","31.26","28.50","757.36K","-5.01%"
"03/10/2020","28.50","30.00","30.70","28.06","879.18K","-6.13%"
"03/11/2020","28.04","28.68","29.14","27.82","699.48K","-1.61%"
"03/12/2020","25.94","27.00","27.30","25.64","1.21M","-7.49%"
"03/13/2020","26.32","28.00","28.26","25.50","1.24M","1.46%"
"03/16/2020","26.34","25.00","26.90","24.22","821.70K","0.08%"
"03/17/2020","29.80","27.00","30.00","27.00","1.60M","13.14%"
"03/18/2020","28.28","30.00","31.12","28.12","919.62K","-5.10%"
"03/19/2020","29.58","29.46","30.52","28.60","499.29K","4.60%"
"03/20/2020","29.34","30.70","30.74","28.90","901.40K","-0.81%"
"03/23/2020","27.50","28.50","28.54","27.02","808.55K","-6.27%"
"03/24/2020","29.04","28.58","29.20","27.88","424.43K","5.60%"
"03/25/2020","28.30","29.22","30.08","27.58","696.14K","-2.55%"
"03/26/2020","28.40","28.00","28.92","27.60","540.20K","0.35%"
"03/27/2020","30.14","29.00","30.30","28.04","406.65K","6.13%"
"03/30/2020","29.30","29.10","30.18","28.62","629.47K","-2.79%"
"03/31/2020","29.28","29.30","30.06","29.02","466.64K","-0.07%"
"04/01/2020","28.20","28.80","29.14","28.10","484.07K","-3.69%"
"04/02/2020","28.56","28.40","28.96","27.80","606.60K","1.28%"
"04/03/2020","29.48","28.10","29.48","28.10","525.89K","3.22%"
"04/06/2020","29.86","30.28","30.64","29.54","361.08K","1.29%"
"04/07/2020","29.52","30.50","30.54","29.52","609.77K","-1.14%"
"04/08/2020","33.40","29.80","33.98","29.56","984.13K","13.14%"
"04/09/2020","33.80","32.74","34.70","32.24","1.19M","1.20%"
"04/14/2020","32.70","34.00","34.00","32.40","432.68K","-3.25%"
"04/15/2020","31.96","33.60","33.68","31.70","2.57M","-2.26%"
"04/16/2020","31.62","32.30","32.30","31.02","730.53K","-1.06%"
"04/17/2020","32.38","32.26","32.46","31.26","492.71K","2.40%"
"04/20/2020","33.92","32.38","34.08","31.90","606.72K","4.76%"
"04/21/2020","32.30","33.24","33.46","32.20","799.88K","-4.78%"
"04/22/2020","32.30","32.30","32.80","31.70","648.32K","0.00%"
"04/23/2020","33.56","33.20","33.74","32.08","394.71K","3.90%"
"04/24/2020","32.38","33.00","33.52","32.34","400.96K","-3.52%"
"04/27/2020","33.50","33.18","34.20","32.72","369.50K","3.46%"
"04/28/2020","31.72","33.60","33.94","31.14","517.21K","-5.31%"
"04/29/2020","32.98","32.30","33.30","32.14","424.31K","3.97%"
"04/30/2020","33.28","31.84","33.36","31.70","636.98K","0.91%"
"05/04/2020","31.70","32.00","32.40","31.66","470.27K","-4.75%"
"05/05/2020","32.00","31.74","32.74","31.62","339.48K","0.95%"
"05/06/2020","31.24","32.34","32.48","31.00","789.38K","-2.38%"
"05/07/2020","30.56","31.24","31.38","30.40","904.07K","-2.18%"
"05/08/2020","31.14","30.56","31.34","30.24","536.39K","1.90%"
"05/11/2020","30.40","31.36","31.36","30.32","524.25K","-2.38%"
"05/12/2020","31.16","30.50","31.48","30.50","480.23K","2.50%"
"05/13/2020","31.02","31.18","31.18","30.44","994.98K","-0.45%"
"05/14/2020","31.02","30.64","31.26","30.40","333.95K","0.00%"
"05/15/2020","31.12","31.30","31.30","30.66","358.44K","0.32%"
"05/18/2020","31.00","31.12","31.20","30.62","345.62K","-0.39%"
"05/19/2020","31.02","31.38","31.38","30.84","316.89K","0.06%"
"05/20/2020","31.00","31.02","31.68","30.82","413.75K","-0.06%"
"05/21/2020","29.50","28.50","30.16","28.28","3.91M","-4.84%"
"05/22/2020","29.50","29.70","30.04","29.36","963.86K","0.00%"
"05/25/2020","29.78","29.70","29.96","29.48","422.89K","0.95%"
"05/26/2020","29.60","29.94","29.94","29.24","826.27K","-0.60%"
"05/27/2020","28.78","29.76","29.76","28.74","1.15M","-2.77%"
"05/28/2020","28.82","29.00","29.40","27.74","2.00M","0.14%"
"05/29/2020","28.44","28.72","28.80","28.24","726.30K","-1.32%"
"06/01/2020","29.30","28.50","29.30","28.40","618.48K","3.02%"
"06/02/2020","29.02","29.34","29.38","28.90","729.60K","-0.96%"
"06/03/2020","29.17","29.20","29.46","29.04","","0.52%"
"06/04/2020","28.78","29.10","29.22","28.56","558.07K","-1.34%"
"06/05/2020","29.12","28.96","29.20","28.62","1.07M","1.18%"
"06/08/2020","29.20","29.20","29.40","28.98","639.95K","0.27%"
"06/09/2020","29.20","29.30","30.54","29.02","1.28M","0.00%"
"06/10/2020","29.00","29.24","29.40","28.90","392.84K","-0.68%"
"06/12/2020","28.86","28.60","29.20","28.50","519.59K","-0.48%"
"06/15/2020","28.48","28.56","28.74","28.30","344.38K","-1.32%"
"06/16/2020","29.22","28.52","29.52","28.50","599.79K","2.60%"
"06/17/2020","29.02","29.46","29.50","29.02","399.17K","-0.68%"
"06/18/2020","28.88","29.20","29.32","28.84","256.61K","-0.48%"
"06/19/2020","28.92","29.00","29.34","28.90","604.15K","0.14%"
"06/22/2020","29.48","28.98","29.88","28.54","850.01K","1.94%"
"06/23/2020","29.52","29.54","29.70","29.46","485.71K","0.14%"
"06/24/2020","29.00","29.62","29.64","28.94","265.00K","-1.76%"
"06/25/2020","29.40","28.62","29.44","28.62","355.15K","1.38%"
"06/26/2020","30.78","29.52","31.36","29.32","1.17M","4.69%"
"06/29/2020","30.50","30.62","30.90","29.72","475.84K","-0.91%"
"06/30/2020","30.36","30.68","30.80","30.00","607.99K","-0.46%"
"07/01/2020","31.00","30.10","31.28","30.10","775.27K","2.11%"
"07/02/2020","31.68","31.24","31.92","31.06","539.26K","2.19%"
"07/03/2020","32.00","31.80","32.50","31.12","334.99K","1.01%"
"07/06/2020","31.78","32.50","32.50","31.50","280.10K","-0.69%"
"07/07/2020","30.88","31.60","31.60","30.54","489.33K","-2.83%"
"07/08/2020","30.62","30.54","30.78","30.50","326.35K","-0.84%"
"07/09/2020","31.50","30.56","31.70","30.56","321.42K","2.87%"
"07/10/2020","31.60","30.80","31.90","30.70","282.65K","0.32%"
"07/13/2020","31.60","31.80","31.98","31.32","264.00K","0.00%"
"07/14/2020","31.42","31.56","31.68","31.26","382.33K","-0.57%"
"07/15/2020","31.92","31.80","32.04","31.32","235.95K","1.59%"
"07/16/2020","31.90","31.92","32.10","31.02","483.85K","-0.06%"
"07/17/2020","32.58","31.80","33.12","31.50","563.66K","2.13%"
"07/20/2020","33.36","32.56","33.46","32.30","328.82K","2.39%"
"07/21/2020","32.72","33.70","33.76","32.58","439.19K","-1.92%"
"07/22/2020","33.00","32.84","33.30","32.74","300.83K","0.86%"
"07/23/2020","32.94","33.00","33.36","32.66","282.45K","-0.18%"
"07/24/2020","32.76","32.50","32.84","32.16","369.61K","-0.55%"
"07/27/2020","33.08","32.74","33.20","32.36","420.41K","0.98%"
"07/28/2020","32.60","32.80","32.86","32.22","373.98K","-1.45%"
"07/29/2020","32.60","32.70","32.80","32.16","169.30K","0.00%"
"07/30/2020","32.12","31.94","32.40","29.48","553.89K","-1.47%"
"07/31/2020","32.38","32.50","32.58","32.14","318.34K","0.81%"
"08/03/2020","32.54","32.00","32.84","31.70","380.97K","0.49%"
"08/04/2020","32.50","32.72","32.78","32.30","339.55K","-0.12%"
"08/05/2020","32.56","32.40","32.70","32.00","507.83K","0.18%"
"08/06/2020","32.38","32.30","32.54","31.82","772.03K","-0.55%"
"08/07/2020","32.30","32.50","32.54","32.14","293.44K","-0.25%"
"08/10/2020","32.20","32.70","32.74","32.02","401.71K","-0.31%"
"08/11/2020","30.74","32.40","32.70","30.16","625.06K","-4.53%"
"08/12/2020","30.94","31.02","31.56","30.94","1.12M","0.65%"
"08/13/2020","31.72","31.00","31.94","30.96","537.64K","2.52%"
"08/14/2020","31.68","31.60","31.90","31.36","197.10K","-0.13%"
"08/17/2020","31.74","31.80","32.10","31.54","231.00K","0.19%"
"08/18/2020","31.50","31.70","31.92","31.50","321.62K","-0.76%"
"08/19/2020","31.56","31.50","31.92","31.50","264.76K","0.19%"
"08/20/2020","31.60","31.40","31.64","31.40","206.05K","0.13%"
"08/21/2020","31.00","31.50","31.56","30.98","298.38K","-1.90%"
"08/24/2020","31.40","31.00","31.56","31.00","160.31K","1.29%"
"08/25/2020","31.20","31.56","31.60","31.12","298.91K","-0.64%"
"08/26/2020","31.22","31.50","31.50","30.82","251.65K","0.06%"
"08/27/2020","31.20","30.82","31.20","30.70","200.18K","-0.06%"
"08/28/2020","31.00","31.02","31.18","30.80","586.77K","-0.64%"
"08/31/2020","30.58","30.98","31.08","30.36","329.42K","-1.35%"
"09/01/2020","29.98","30.68","30.68","29.84","674.74K","-1.96%"
"09/02/2020","29.80","30.02","30.20","29.00","637.40K","-0.60%"
"09/03/2020","29.42","29.74","30.22","29.42","562.10K","-1.28%"
"09/04/2020","28.74","29.42","29.42","28.62","625.37K","-2.31%"
"09/07/2020","29.14","28.90","29.34","28.74","233.17K","1.39%"
"09/08/2020","28.12","29.10","29.14","28.02","367.54K","-3.50%"
"09/09/2020","27.64","28.10","28.40","27.10","1.22M","-1.71%"
"09/10/2020","27.80","27.66","28.22","27.60","1.11M","0.58%"
"09/11/2020","27.58","28.00","28.00","27.40","601.60K","-0.79%"
"09/14/2020","26.74","27.64","27.82","26.74","621.18K","-3.05%"
"09/15/2020","26.54","26.70","26.80","25.66","1.35M","-0.75%"
"09/16/2020","26.90","26.70","28.04","26.62","1.17M","1.36%"
"09/17/2020","26.16","26.70","26.80","26.14","701.99K","-2.75%"
"09/18/2020","28.10","26.40","28.46","26.40","1.98M","7.42%"
"09/21/2020","38.42","38.36","38.66","38.06","16.74M","36.73%"
"09/22/2020","38.52","38.44","38.58","38.44","10.51M","0.26%"
"09/23/2020","38.60","38.52","38.66","38.50","3.97M","0.21%"
"09/24/2020","38.58","38.56","38.64","38.54","3.45M","-0.05%"
"09/25/2020","38.58","38.60","38.62","38.56","3.68M","0.00%"
"09/28/2020","38.60","38.58","38.64","38.56","4.64M","0.05%"
"09/29/2020","38.60","38.58","38.68","38.56","1.76M","0.00%"
"09/30/2020","38.60","38.60","38.66","38.60","1.51M","0.00%"
"10/01/2020","38.72","38.64","38.88","38.62","958.71K","0.31%"
"10/02/2020","38.64","38.74","38.82","38.60","2.27M","-0.21%"
"10/05/2020","38.64","38.60","38.72","38.60","3.20M","0.00%"
"10/06/2020","38.58","38.62","38.66","38.58","3.59M","-0.16%"
"10/07/2020","38.62","38.60","38.64","38.52","2.92M","0.10%"
"10/08/2020","38.62","38.60","38.68","38.60","1.77M","0.00%"
"10/09/2020","38.68","38.64","38.74","38.62","1.50M","0.16%"
"10/12/2020","38.64","38.70","38.76","38.62","1.27M","-0.10%"
"10/13/2020","38.62","38.64","38.70","38.58","4.90M","-0.05%"
"10/14/2020","38.62","38.64","38.72","38.62","2.66M","0.00%"
"10/15/2020","38.66","38.64","38.70","38.62","2.19M","0.10%"
"10/16/2020","38.76","38.64","38.76","38.62","1.41M","0.26%"
"10/19/2020","38.70","38.74","38.76","38.66","968.58K","-0.15%"
"10/20/2020","38.80","38.72","38.80","38.64","1.31M","0.26%"
"10/21/2020","38.74","38.80","38.82","38.68","1.62M","-0.15%"
"10/22/2020","38.76","38.76","38.80","38.70","773.74K","0.05%"
"10/23/2020","38.74","38.72","38.80","38.72","1.34M","-0.05%"
"10/26/2020","38.74","38.72","38.78","38.68","2.12M","0.00%"
"10/27/2020","38.80","38.72","38.82","38.72","506.99K","0.15%"
"10/28/2020","38.82","38.78","38.96","38.76","1.39M","0.05%"
"10/29/2020","38.84","38.80","38.90","38.78","1.14M","0.05%"
"10/30/2020","38.78","38.78","38.86","38.76","4.19M","-0.15%"
"11/02/2020","38.76","38.78","38.84","38.76","1.35M","-0.05%"
"11/03/2020","38.82","38.76","38.90","38.76","2.85M","0.15%"
"11/04/2020","38.78","38.78","38.84","38.78","2.99M","-0.10%"
"11/05/2020","38.80","38.80","38.86","38.78","1.93M","0.05%"
"11/06/2020","38.80","38.80","38.86","38.80","1.24M","0.00%"
"11/09/2020","38.82","38.82","38.90","38.80","3.05M","0.05%"
"11/10/2020","38.84","38.82","38.86","38.80","1.26M","0.05%"
"11/12/2020","38.64","38.80","38.80","38.52","804.24K","-0.51%"
"11/13/2020","38.32","38.66","38.80","38.08","165.71K","-0.83%"
"11/16/2020","38.96","38.20","38.96","38.20","95.71K","1.67%"
"11/17/2020","38.52","38.52","38.76","38.50","111.32K","-1.13%"
"11/18/2020","39.42","38.66","39.92","38.48","125.44K","2.34%"
"11/19/2020","38.78","38.64","39.00","38.52","96.08K","-1.62%"
"11/20/2020","38.90","38.52","38.96","38.50","224.03K","0.31%"
"11/23/2020","38.70","38.70","38.92","38.70","95.05K","-0.51%"
"11/24/2020","38.84","38.70","38.90","38.54","300.50K","0.36%"
"11/25/2020","38.24","38.88","38.88","38.02","1.39M","-1.54%"
"11/26/2020","38.50","38.40","38.64","38.40","382.90K","0.68%"
"11/27/2020","38.70","38.58","38.70","38.46","158.78K","0.52%"
"11/30/2020","38.50","38.70","38.70","38.50","93.71K","-0.52%"
"12/01/2020","38.42","38.68","38.68","38.42","68.94K","-0.21%"
"12/02/2020","38.40","38.42","38.70","38.34","449.54K","-0.05%"
"12/03/2020","38.46","38.50","38.54","38.36","672.28K","0.16%"
"12/04/2020","38.50","38.48","38.58","38.48","27.78K","0.10%"
"12/07/2020","38.52","38.50","38.68","38.50","35.06K","0.05%"
"12/08/2020","38.56","38.50","38.60","38.44","64.06K","0.10%"
"12/09/2020","38.52","38.52","38.60","38.50","37.21K","-0.10%"
"12/10/2020","38.50","38.52","38.52","38.50","39.79K","-0.05%"
"12/11/2020","38.56","38.58","38.58","38.50","22.14K","0.16%"
"12/14/2020","38.64","38.46","38.68","38.46","20.35K","0.21%"
"12/15/2020","38.58","38.46","38.72","38.46","17.60K","-0.16%"
"12/16/2020","38.68","38.58","38.68","38.54","3.29K","0.26%"
"12/17/2020","38.66","38.54","38.66","38.54","21.38K","-0.05%"
"12/18/2020","38.52","38.56","38.60","38.50","135.32K","-0.36%"
"12/21/2020","38.52","38.52","38.52","38.52","","0.00%"
"03/19/2021","38.54","38.54","38.54","38.54","","0.05%"